"conversation_id_str","created_at","favorite_count","full_text","id_str","image_url","in_reply_to_screen_name","lang","location","quote_count","reply_count","retweet_count","tweet_url","user_id_str","username"
"1909220939532808646","Mon Apr 07 17:01:33 +0000 2025","1807","@tanyarlfes @grok apakah jawaban prabowo nyambung dengan pertanyaan pertanyaan para jurnalis ini?","1909290460910408044","","tanyarlfes","in","","1","15","8","https://x.com/KautsarAkbar3/status/1909290460910408044","1442166724367818760","KautsarAkbar3"
"1909220939532808646","Mon Apr 07 13:26:42 +0000 2025","37352","@tanyarlfes cape gue liat dia ngomong kl emosi lg ga stabil mending nontonnya nanti aja pas udh tenang. gue spoilerin satu yg bikin emosi ditanya tanggapan soal demo dia jawab menurut anda itu demo pure atau dibayar? pantes ga presiden ngomong begitu? presiden dongo.","1909236393429397528","","tanyarlfes","in","","928","358","6569","https://x.com/rebahannojutsu/status/1909236393429397528","1743834119732424704","rebahannojutsu"
"1909220939532808646","Mon Apr 07 16:05:49 +0000 2025","7354","@tanyarlfes Fufufafa selalu bisa relate : https://t.co/7ueOhDhzwF","1909276436101566952","https://pbs.twimg.com/media/Gn8czPzbMAExvWg.jpg","tanyarlfes","in","","17","15","681","https://x.com/0xygenmagnesium/status/1909276436101566952","1896706567766261760","0xygenmagnesium"
"1909220939532808646","Mon Apr 07 16:55:15 +0000 2025","7146","@tanyarlfes Eh tapi nonton video pidato dia bareng petani ngomong 'percuma pintar gak jadi apa2 juga'. Bayangkan punya presiden ngomong kek gitu. Pantas rakyat dibodohkan kalo pinter gak bakalan milih Prabowo.","1909288877342572708","","tanyarlfes","in","Mars","23","11","732","https://x.com/dawgfromdahood/status/1909288877342572708","250137365","dawgfromdahood"
"1909220939532808646","Mon Apr 07 18:44:10 +0000 2025","5330","@tanyarlfes ternyata ada kesamaan prabowo dan bokap gapernah merasa ada yang salah di dirinya apa yang dia yakini dan apa yang keluar dari mulutnya dianggep kebenaran absolut ga ngebiarin ada ruang buat tumbuh dan berkembang tai nih modelan gini","1909316287513382996","","tanyarlfes","in","hatimu aowkwkw","90","64","741","https://x.com/akubukankecap/status/1909316287513382996","1203703588867854337","akubukankecap"
"1909220939532808646","Mon Apr 07 13:54:41 +0000 2025","5416","@tanyarlfes kynya beliau ini emg udh waktunya istirahat. udh susah diajak mikir berat or diskusi. apa mlh emg dari awal jg gabisa ya","1909243435435118640","","tanyarlfes","in","Greenland","13","24","226","https://x.com/dsat911/status/1909243435435118640","1448002891","dsat911"
"1909220939532808646","Mon Apr 07 17:10:34 +0000 2025","6261","@tanyarlfes I didn't vote for this fucking idiot. Big scum omon https://t.co/9ijptRfz5s","1909292730385416325","https://pbs.twimg.com/media/Gn8rnqHaoAApa0M.jpg","tanyarlfes","en","Turkey","10","5","1165","https://x.com/ultra_nopolice/status/1909292730385416325","1329016809404522498","ultra_nopolice"
"1909220939532808646","Mon Apr 07 17:43:13 +0000 2025","5333","@tanyarlfes https://t.co/ILWvs9GCQG","1909300948046168272","https://pbs.twimg.com/media/Gn8zGBLb0AAj1_L.jpg","tanyarlfes","qme","","53","18","729","https://x.com/MDE1203/status/1909300948046168272","1713878766026649600","MDE1203"
"1909220939532808646","Mon Apr 07 12:34:06 +0000 2025","6666","@tanyarlfes ekspresi yang mewakili saat menonton interview ini : https://t.co/dHQkmj8hE1","1909223153441833001","https://pbs.twimg.com/media/Gn7sVXXbYAAFYAd.jpg","tanyarlfes","in","ÏïÑÎ•¥ÎπÑÏä§","62","33","833","https://x.com/cherryse__/status/1909223153441833001","1496303220607819779","cherryse__"
"1909220939532808646","Mon Apr 07 15:52:35 +0000 2025","9033","@tanyarlfes https://t.co/3gZS1F03fc","1909273104700121406","https://pbs.twimg.com/media/Gn8ZxT3aQAA50cq.jpg","tanyarlfes","qme","","73","29","1099","https://x.com/Icel0vers/status/1909273104700121406","1557228512603676674","Icel0vers"
"1909220939532808646","Mon Apr 07 15:11:48 +0000 2025","21508","@tanyarlfes https://t.co/3sq99tm5oo","1909262840277647760","https://pbs.twimg.com/media/Gn8Qb3bakAAfDRt.jpg","tanyarlfes","qme","Eivissa, Spain","273","135","3173","https://x.com/themariast/status/1909262840277647760","1489605528116666370","themariast"
"1909220939532808646","Mon Apr 07 17:55:16 +0000 2025","4643","@tanyarlfes Civil phobia beliau wkwkw Banyak yg sampai berdarah2 pas demo dan pure niatnya eh malah dituduh dibayar https://t.co/jdkWvLyfW8","1909303977789002101","https://pbs.twimg.com/amplify_video_thumb/1909265834045763584/img/2pWUemSjoA4BKTF0.jpg","tanyarlfes","in","Jpt","503","248","781","https://x.com/f12xos/status/1909303977789002101","1469438252","f12xos"
"1909220939532808646","Mon Apr 07 18:03:23 +0000 2025","3823","@tanyarlfes Pantesan bapak ini nyalonin berkali kali gagal terus. Aslinya tuhan udah ngasih isyarat kalo nih orang gak banget jadi presiden tapi rakyat indo yang tidak mengerti ","1909306022621274124","","tanyarlfes","in","Kwangya","24","32","381","https://x.com/gitasjoy/status/1909306022621274124","1703950334077661184","gitasjoy"
"1909220939532808646","Mon Apr 07 20:52:42 +0000 2025","1194","@tanyarlfes mau topik apapun template jawabannya sama https://t.co/uwUA12EzAY","1909348630299132201","https://pbs.twimg.com/media/Gn9edNcbwAQVZX-.png","tanyarlfes","in","Cimahi","6","5","145","https://x.com/cevymm/status/1909348630299132201","265156043","cevymm"
"1909220939532808646","Mon Apr 07 12:26:33 +0000 2025","5102","@tanyarlfes Interview settingan https://t.co/yYszyGqcOe","1909221256425054283","https://pbs.twimg.com/media/Gn7qkDSbYAAat9_.jpg","tanyarlfes","en","Indonesia","9","8","636","https://x.com/zfrakmal/status/1909221256425054283","1603751695829590016","zfrakmal"
"1909220939532808646","Mon Apr 07 16:34:16 +0000 2025","1864","@tanyarlfes Saatnya melempar https://t.co/ZTI0Y1lOTF","1909283596789334256","https://pbs.twimg.com/media/Gn8jUCRbwAIMibw.jpg","tanyarlfes","in","","1","1","152","https://x.com/Ayulestari_167/status/1909283596789334256","1777810273723981824","Ayulestari_167"
"1909220939532808646","Mon Apr 07 16:07:06 +0000 2025","1525","@tanyarlfes GUA LIAT NDERRR BUSET DH NI org goblok bgt ditanya apa urgensi nya terburu2 menerbitkan ruu tni MALAH DIJAWAB Boleh demo tapi jangan merusak fasilitas DIH OON BGT ANJINGGGG DITANYA APA DIJAWAB APA","1909276757234164035","","tanyarlfes","in","Jakarta ","17","4","123","https://x.com/dolcegust0/status/1909276757234164035","1614972115446566913","dolcegust0"
"1909220939532808646","Mon Apr 07 18:25:08 +0000 2025","936","@tanyarlfes Ini pertanyaan yang mewakili banget sih https://t.co/7LxDBF1pDM","1909311496649425275","https://pbs.twimg.com/amplify_video_thumb/1909311391657611264/img/D4N0Y_Dd4WT1WZC8.jpg","tanyarlfes","in","Indonesia","6","9","163","https://x.com/denyramandaa/status/1909311496649425275","1138084874261225472","denyramandaa"
"1909220939532808646","Mon Apr 07 23:57:59 +0000 2025","1243","@tanyarlfes dia ga cocok jadi pemimpin anjer!! public speaking jelek problem solvingnya jelek pemilihan kosa katanya jelek masa ditanya demo jawabnya pure atau dibayar?!! TOLOL!! negara demokrasi kalo demo yaudah gosah dipertanyakan pure/bayar HARUSNYA FOKUS SAMA WHY? najis dah oon","1909395258687009052","","tanyarlfes","in","meow","2","8","160","https://x.com/aacilukba/status/1909395258687009052","1488326451468267521","aacilukba"
"1909220939532808646","Tue Apr 08 13:18:15 +0000 2025","185","@tanyarlfes Tiap liat si Bapak ngomong gue sampe udah ditahap pasrah dan maklum karena inget ini https://t.co/tPKxY0DcTf","1909596655655191012","https://pbs.twimg.com/ext_tw_video_thumb/1909596628404912132/pu/img/HDNvyAoXst_mhGSi.jpg","tanyarlfes","in","Indonesia","0","0","11","https://x.com/pemainzuma/status/1909596655655191012","1555198236830613506","pemainzuma"
"1909220939532808646","Mon Apr 07 13:50:41 +0000 2025","3559","@tanyarlfes Pers bertanya tentang demo akhir2 ini Prab: menurut anda demo itu pure ap di bayar Kalo gue seandainya disitu Gue: kalo boleh tau emangnya demo yang pure menurut bapak itu seperti ap sayangkuuh? ","1909242427871002761","","tanyarlfes","in","","9","13","170","https://x.com/SihGak44725/status/1909242427871002761","1826267265530314753","SihGak44725"
"1909220939532808646","Mon Apr 07 16:57:46 +0000 2025","4350","@tanyarlfes Gua jdi mbak nana udh gue lempar pulpen mukanya nih org Gak jelas bgt statementnya wkwkw https://t.co/tWLmmJWzHb","1909289509042422074","https://pbs.twimg.com/amplify_video_thumb/1909211787255300096/img/1eOf08KBrkRgR9OF.jpg","tanyarlfes","in","World","765","139","737","https://x.com/urtwlve/status/1909289509042422074","1803863603554193410","urtwlve"
"1909220939532808646","Tue Apr 08 04:49:51 +0000 2025","422","@tanyarlfes udah https://t.co/ItHnHoK7CQ","1909468709904933279","https://pbs.twimg.com/media/Gn_LqgZbwAANfwt.png","tanyarlfes","in","Bandung, Indonesia","3","1","37","https://x.com/RSurya99/status/1909468709904933279","1433734506003853314","RSurya99"
"1909220939532808646","Mon Apr 07 12:33:43 +0000 2025","1539","@tanyarlfes jujur gue dah keburu muak liat mukanya","1909223058747117831","","tanyarlfes","in","magic shop","4","5","126","https://x.com/triplebiya/status/1909223058747117831","1439022486562086913","triplebiya"
"1909220939532808646","Mon Apr 07 16:25:18 +0000 2025","507","@tanyarlfes https://t.co/22bi6qGdms","1909281338760605709","https://pbs.twimg.com/media/Gn8hQKBbwAIl6js.jpg","tanyarlfes","qme","","1","1","25","https://x.com/rachachasauc/status/1909281338760605709","1529363624472391680","rachachasauc"
"1909220939532808646","Mon Apr 07 22:06:04 +0000 2025","465","@tanyarlfes Emang bener akhir zaman lahir pemimpin pemimpin b*d*h https://t.co/05gjVZPceE","1909367094376046635","https://pbs.twimg.com/media/Gn9vQNga0AAUgdK.jpg","tanyarlfes","in","","1","2","73","https://x.com/kedelaihitam26/status/1909367094376046635","1745120163283005440","kedelaihitam26"
"1909220939532808646","Tue Apr 08 10:47:28 +0000 2025","144","@tanyarlfes https://t.co/NbDOLPUj60","1909558706385387744","https://pbs.twimg.com/media/GoAdg3_bwAITB-r.jpg","tanyarlfes","qme","","0","0","7","https://x.com/PresidenPrancis/status/1909558706385387744","1882276960786935808","PresidenPrancis"
"1909220939532808646","Tue Apr 08 03:52:35 +0000 2025","131","@tanyarlfes https://t.co/jRD90t0tml","1909454300956495875","https://pbs.twimg.com/media/Gn--kUHbwAIduG8.jpg","tanyarlfes","qme","","0","2","11","https://x.com/NunaInu84823/status/1909454300956495875","1839689841237438464","NunaInu84823"
"1909220939532808646","Mon Apr 07 15:41:36 +0000 2025","841","@tanyarlfes Bangsa kita adalah bangsa yg besar Pak prabowo kalau ketemu trump: https://t.co/wf1Cx0NhBe","1909270341576527953","https://pbs.twimg.com/amplify_video_thumb/1909247203463610368/img/p9aDVT3RnLoIHXo6.jpg","tanyarlfes","in","Indonesia - Camp Nou","95","65","109","https://x.com/Idn_FCB/status/1909270341576527953","2373610040","Idn_FCB"
"1909220939532808646","Tue Apr 08 04:21:51 +0000 2025","115","@tanyarlfes mba uni; hadaahh https://t.co/xeEsYkZBCu","1909461663545442472","https://pbs.twimg.com/amplify_video_thumb/1909461555064061953/img/kvF1obVUIB6RMhsq.jpg","tanyarlfes","in","","0","6","11","https://x.com/akunelakedua/status/1909461663545442472","1748327903136559104","akunelakedua"
"1909220939532808646","Tue Apr 08 05:10:38 +0000 2025","73","@tanyarlfes maklum ges https://t.co/46zYWLHTr3","1909473942055645596","https://pbs.twimg.com/media/Gn_QbVFb0AAXGgZ.jpg","tanyarlfes","is","","3","6","6","https://x.com/briyannorich/status/1909473942055645596","1696833237040132096","briyannorich"
"1909220939532808646","Mon Apr 07 17:11:27 +0000 2025","356","@tanyarlfes #indonesiagelap https://t.co/GkVFof89Xe","1909292952612225201","https://pbs.twimg.com/ext_tw_video_thumb/1909292907838005248/pu/img/t_aeJzoEhu_mtHmQ.jpg","tanyarlfes","qme","Sleman, Yogyakarta","0","2","112","https://x.com/dimasgaditya/status/1909292952612225201","2955554906","dimasgaditya"
"1909220939532808646","Mon Apr 07 16:01:34 +0000 2025","511","@tanyarlfes Pemimpin Koalisi Yonko Prabowo (nahan emosi) Pemimpin Oposisi Yonko Big Mom (nanti juga gabung) - Pengendali dunia bawah ( Judol ) Donquixote Sufmi Disco Ahmad - mulyono ada di komen https://t.co/TfqVnnNZAf","1909275365257986271","https://pbs.twimg.com/media/Gn8baF1bMAAtyBT.jpg","tanyarlfes","in","","11","9","88","https://x.com/sultonafkhar/status/1909275365257986271","1264496480","sultonafkhar"
"1909220939532808646","Mon Apr 07 16:50:31 +0000 2025","116","@tanyarlfes https://t.co/PS5ieyqR16","1909287686399271230","https://pbs.twimg.com/media/Gn8nCDlbwAI-Duf.jpg","tanyarlfes","qme","Sarawak, Malaysia","0","0","10","https://x.com/vuvuvava4/status/1909287686399271230","1692968416557334528","vuvuvava4"
"1909220939532808646","Mon Apr 07 13:26:56 +0000 2025","5390","@tanyarlfes dengan adanya wawancara bareng media yg cuma 5 doang itu bener2 menandakan komunikasi pemerintah ke publik buruk sekali males bgt 3 jam liat si wowo ngomong gak nyambung pasti","1909236452871033174","","tanyarlfes","in","she/her","6","9","348","https://x.com/hewllopanda/status/1909236452871033174","4581126794","hewllopanda"
"1909220939532808646","Tue Apr 08 08:58:31 +0000 2025","121","@tanyarlfes Seorang presiden loh bilang demo di bayar orang tumpah ruah berdarah air mata untuk mempertahankan negara ini agar waras malah di bilang di bayar pertanyaan gw orang goblok mana demo di bayar? Dan kalian masih pikir negara ini baik aja? Konyol sumpahhhhhhhhhhhhhh","1909531289939759357","","tanyarlfes","in","","0","5","17","https://x.com/untuk_dia99/status/1909531289939759357","1800538490754764800","untuk_dia99"
"1909220939532808646","Mon Apr 07 12:49:18 +0000 2025","209","@tanyarlfes Seperti biasa apa yg ditanya beda dengan yg dijawab","1909226979603382367","","tanyarlfes","in","Marineford","0","1","11","https://x.com/admiralkizaruuu/status/1909226979603382367","1829846981201838080","admiralkizaruuu"
"1909220939532808646","Mon Apr 07 19:58:46 +0000 2025","46","@tanyarlfes Mengkhawatirkan https://t.co/BD2Fcp5AvJ","1909335057896292855","","tanyarlfes","in","Bandung","0","1","6","https://x.com/Meliati27/status/1909335057896292855","1201781169970270209","Meliati27"
"1909220939532808646","Tue Apr 08 01:35:41 +0000 2025","93","@tanyarlfes saya juga kaget masalah kepala babi dan eh tikus itu itu jg saya kira gaya2 apa ya taktik teknik gitu2 ya bagi saya sy gak terlalu percaya bahwa yg melakukan itu gak punya sifat2 yang eh saya ulangi saya kira yg melakukan itu mau melakukan adu domba Kenal Pak?","1909419848436007089","","tanyarlfes","in","","1","0","6","https://x.com/asfan_warah/status/1909419848436007089","2403574648","asfan_warah"
"1909220939532808646","Mon Apr 07 18:00:49 +0000 2025","421","@tanyarlfes sewaktu kampanye di Malang .. ada yg msh inget ngga gmn reaksi Prabs ketika ditanya regulasi ekspor singkong? doi nyolot anjir. gagasan pertanyaannya tuh komoditi pangan lah doi jawab ke pembangunan jalan raya aspal Kota Buton bangsa besar bonus demografi MBG. ","1909305375431835850","","tanyarlfes","in","","0","5","30","https://x.com/fbrrrnnnn/status/1909305375431835850","1178654175426531328","fbrrrnnnn"
"1909220939532808646","Mon Apr 07 18:11:07 +0000 2025","76","@tanyarlfes inti wawancaranya guys","1909307968547701043","","tanyarlfes","in","","0","0","13","https://x.com/poin_opini/status/1909307968547701043","1280164202","poin_opini"
"1909220939532808646","Tue Apr 08 13:07:02 +0000 2025","39","@tanyarlfes Kebanyakan ngatain orang lain omon-omon tapi dirinya sndiri yg omon-omon. Menjadi pemimpin bermodal patriot terlihat wibawa berpura2 cinta tanah air tapi semua hanya slogan. Kapasitas kosong","1909593830988669370","","tanyarlfes","in","Australia","0","1","0","https://x.com/thegodzilla77/status/1909593830988669370","1201002510774763521","thegodzilla77"
"1909220939532808646","Tue Apr 08 03:01:21 +0000 2025","189","@tanyarlfes Makasih. Kalau ingin membandingkan jawaban Prabowo bisa dilihat sewaktu Tempo mewawancara Prabowo sebelum menjadi presiden. Ada pengakuan sebagai produk asing tentang keterlibatan di masalah HAM dll. Ada di tautan : https://t.co/zGFzXrXZzp","1909441407846351042","","tanyarlfes","in","Palmerah, Indonesia","0","0","38","https://x.com/datatempo/status/1909441407846351042","1126684769536733184","datatempo"
"1907175659782168636","Tue Apr 01 20:58:05 +0000 2025","20"," With Together Dedicated Endpoints @dippy_ai scaled seamlessly to 4M+ users and 300M+ messages freeing their team from managing infrastructure to focus entirely on enhancing their product. Full story below ‚§µÔ∏è https://t.co/Sw9Z5qH4XP","1907175659782168636","https://pbs.twimg.com/media/Gnek33xWcAA7f_A.jpg","","en","San Francisco, CA","0","1","22","https://x.com/togethercompute/status/1907175659782168636","1592266692528197632","togethercompute"
"1909220939532808646","Tue Apr 08 13:08:24 +0000 2025","21","@tanyarlfes Ini orang omon2 tapi gaada isinya sesuai kapasitasnya kosong. Hobi nyinyir mulu sakit hati terus terusan. Saya akan ini saya kan itu. Lha elu presidennya malah saya akan ini saya akan itu","1909594174007263248","","tanyarlfes","in","Australia","0","0","1","https://x.com/thegodzilla77/status/1909594174007263248","1201002510774763521","thegodzilla77"
"1909220939532808646","Tue Apr 08 05:30:58 +0000 2025","11","@tanyarlfes Aku serius nanya ya temen temen .. waktu 2 kali periode jkw sm prbw itu kan banyak yg judge jkw trs mreka mengagungkan prbw seolah beliau ni yg cocok jd presiden sdgkn jkw bnr bnr di judge. Trs skrg pas beliau ni jd presiden knp banyak jg yg benci?","1909479058649629035","","tanyarlfes","in","","2","17","3","https://x.com/matchaepi/status/1909479058649629035","1605866236247564288","matchaepi"
"1909220939532808646","Mon Apr 07 12:45:06 +0000 2025","25","@tanyarlfes mana nih yang kemarin bilang najwa hmmm hmmm blunder gue bilang juga apa. najwa bisa mati tapi nilai-nilai yang dibawa abadi. mulai sekarang berhenti mengkultuskan najwa kita : antitesis segala yang mustahil. https://t.co/ojdXAuYeP9","1909225923465171400","","tanyarlfes","in","Tibet","0","0","0","https://x.com/diaryesterday/status/1909225923465171400","1585664881310961665","diaryesterday"
"1909220939532808646","Mon Apr 07 16:42:29 +0000 2025","28","@tanyarlfes Memperlihatkan kualitas prabowo yg sebenarnya cuma omon2","1909285663079645339","","tanyarlfes","in","Medan Polonia, Indonesia","0","0","1","https://x.com/derarang/status/1909285663079645339","925291140","derarang"
"1909220939532808646","Tue Apr 08 05:01:08 +0000 2025","13","@tanyarlfes G sanggup bgt liatnya kata gua mending nonton family 100 aja ","1909471551671746922","","tanyarlfes","in","","0","0","0","https://x.com/Deebiarinaja/status/1909471551671746922","1102792490518642688","Deebiarinaja"
"1909220939532808646","Mon Apr 07 22:38:56 +0000 2025","13","@tanyarlfes statement beliau nih selalu normatif apalagi pas debat capres bener2 konklusinya cuman proker 'makan siang gratis' wtf?!","1909375365199675594","","tanyarlfes","in","","0","0","0","https://x.com/wisebabygirl_/status/1909375365199675594","723535832","wisebabygirl_"
"1909220939532808646","Thu Apr 10 02:13:00 +0000 2025","2","@tanyarlfes fufufafa selalu relate https://t.co/rIU4H92upW","1910154014152687621","https://pbs.twimg.com/media/GoI68_EaYAACtee.jpg","tanyarlfes","in","Lampung Tengah, Lampung","0","0","0","https://x.com/azkapakezzz/status/1910154014152687621","1788937273939230721","azkapakezzz"
"1909220939532808646","Tue Apr 08 15:11:19 +0000 2025","1","@tanyarlfes Gua yakin itu mbak Nana udh muak bgt denger Prabowo yapping dikasih pertanyaan apa jawabnya apa. Gua pas nontonnya aja kesel sendiri denger omongan dia yg ga nyambung itu. Gini bgt anjir Indonesia punya presiden n wapres model badut gini motivasi org yg milih dia apa dah","1909625108832174329","","tanyarlfes","in","Tokyo","0","0","0","https://x.com/DahlahGSH/status/1909625108832174329","1133289275808595969","DahlahGSH"
"1909220939532808646","Tue Apr 08 17:08:48 +0000 2025","2","@tanyarlfes Ditanya apa jawab apa https://t.co/QfXHgQO4PA","1909654672539033705","https://pbs.twimg.com/media/GoB0zfsbwAAZ1Qp.jpg","tanyarlfes","in","","0","0","0","https://x.com/Doododkjajja/status/1909654672539033705","1811360719386140672","Doododkjajja"
"1909220939532808646","Tue Apr 08 14:44:38 +0000 2025","4","@tanyarlfes ya allah indo lu bikin dosa apa sampe hrs punya presiden begini","1909618391176167903","","tanyarlfes","in","","0","0","0","https://x.com/veufye/status/1909618391176167903","784489818520596480","veufye"
"1909220939532808646","Wed Apr 09 22:30:16 +0000 2025","1","@tanyarlfes Omon2. https://t.co/zwq6ffGLBm","1910097962241577201","https://pbs.twimg.com/media/GoIH-WjbEAARHAo.jpg","tanyarlfes","en","","0","0","0","https://x.com/_Yoiii_ea_/status/1910097962241577201","1736138558992531456","_Yoiii_ea_"
"1909220939532808646","Mon Apr 07 16:19:19 +0000 2025","8","@tanyarlfes Prabowo Bertemu Megawati di Teuku Umar Malam Ini https://t.co/fzd660sNxX","1909279831126380802","","tanyarlfes","in","Jakarta Pusat, DKI Jakarta","1","9","2","https://x.com/SINDOnews/status/1909279831126380802","231355136","SINDOnews"
"1909220939532808646","Tue Apr 08 17:08:57 +0000 2025","0","@tanyarlfes Gw baru liat secuil aja udh ga sanggup mau lanjut https://t.co/khKRM8HqHm","1909654710312980989","https://pbs.twimg.com/media/GoB01XVbcAEUiIM.jpg","tanyarlfes","in","","0","0","0","https://x.com/vverylovebery/status/1909654710312980989","1544691474893180929","vverylovebery"
"1909220939532808646","Wed Apr 09 04:39:22 +0000 2025","2","@tanyarlfes emng dari jaman debat capres jugaa jawaban beliau ini suka banget ngelanturrr ga si gajelas luu prabowo","1909828461310750947","","tanyarlfes","in","","0","0","0","https://x.com/AisyahJauh46080/status/1909828461310750947","1750467437039153152","AisyahJauh46080"
"1909220939532808646","Tue Apr 08 05:59:48 +0000 2025","3","@tanyarlfes bikin emosi anjir kek gini jd presiden?! siapa yg milih sih ah anjir tanggung jawab ga nih kita semua yg jd kena kan","1909486313860157562","","tanyarlfes","in","üìç","0","1","1","https://x.com/seraphina1502/status/1909486313860157562","1740742333094936576","seraphina1502"
"1909220939532808646","Wed Apr 09 06:32:00 +0000 2025","0","@tanyarlfes Interview ini pasti dipake terus buat senjata pemerintah pamerintah antri kritik? Gasuka sama jurnalis? Itu nyatanya kami undang untuk nanya apapun langsung ke bapak ","1909856803955130867","","tanyarlfes","in","Jakarta Capital Region","0","0","0","https://x.com/SSuaryaJ/status/1909856803955130867","1818321610308526081","SSuaryaJ"
"1909220939532808646","Tue Apr 08 21:54:30 +0000 2025","0","@tanyarlfes Kita tak bisa melawan hukum alam.. Di usia 70 daya tahan tubuh daya fikir sdh mengalami penurunan tdk bisa mikir berat hrs lbh bnyk istirahat dan banyk ibadah mulai menyiapkan diri utk menghadap Tuhan bukan malah mikir berbagai persoalan pelik ttg negara","1909726572753699024","","tanyarlfes","in","Sanan Wetan, Indonesia","0","0","0","https://x.com/alvi_mahvudhoh/status/1909726572753699024","830820763015843840","alvi_mahvudhoh"
"1909220939532808646","Wed Apr 09 07:12:35 +0000 2025","0","@tanyarlfes td subuh setrikaaan seabrek dikerjaain smbl nonton ini lalu keinget emak sendiri yang kmrin kuajak adu argumen soal fuji mirip dikit boomer vibesnya sikap dan gaya pikir yg kaku merasa selalu benar kurang bisa menerima kritik trus agak defensif terhadap pandangan baru.","1909867019492901010","","tanyarlfes","in","your mind","0","0","0","https://x.com/pipidpipoiy/status/1909867019492901010","273409830","pipidpipoiy"
"1909220939532808646","Tue Apr 08 16:49:29 +0000 2025","13","@tanyarlfes https://t.co/ltF1eLPYOH","1909649812389347468","https://pbs.twimg.com/media/GoBwYj7a4AAT8aE.jpg","tanyarlfes","qme","","0","0","1","https://x.com/FirstChildBoyyx/status/1909649812389347468","1127195585046503424","FirstChildBoyyx"
"1909220939532808646","Mon Apr 07 23:46:14 +0000 2025","2","@tanyarlfes @grok jelasin kenapa kok prabowo ngomongnya banyak ngelantur kayak fufufafa","1909392305020371005","","tanyarlfes","in","Jawa Barat, Indonesia","0","3","0","https://x.com/Vaniizwd/status/1909392305020371005","1826450079206834178","Vaniizwd"
"1909220939532808646","Mon Apr 07 22:08:45 +0000 2025","4","@tanyarlfes Ngapain juga dilihat kecuali ada tempo yg mewawancarai aku langsung nonton deh no skip skip","1909367770401427541","","tanyarlfes","in","","0","0","0","https://x.com/leyxmun/status/1909367770401427541","895124285232095232","leyxmun"
"1909220939532808646","Tue Apr 08 16:16:08 +0000 2025","1","@tanyarlfes Gak nyambung bgt ya Tuhan ..males bgt nonton nya kek dia gak ada niat buat bikin emosi rakyat mereda malah bikin statement gak nyambung dan gak masuk di otak baru juga beberapa menitan udah muak banget nontonnya..","1909641419758936167","","tanyarlfes","in","","0","0","0","https://x.com/blue_is_shit/status/1909641419758936167","1707424103546900480","blue_is_shit"
"1909220939532808646","Tue Apr 08 22:53:47 +0000 2025","0","@tanyarlfes Persis bos gua dikantor bgini modelan nya udah tua ngerasa paling punya wawasan luas sendiri apa yg diucapin harus menjadi bener buat semua padahal yg diucapin itu ego dari mulut dianya sendiri apalagi paling ngerasa pnya pengalaman dab paling tau.. Astagfirullah inget umur pa","1909741492807356455","","tanyarlfes","in","unknown location","0","0","0","https://x.com/heyowdi/status/1909741492807356455","394592082","heyowdi"
"1909220939532808646","Tue Apr 08 07:47:54 +0000 2025","0","@tanyarlfes Aku ketiduran pas nonton terus mimpi aku jadi ngawur gitu nggak jelas. Apakah hal yang sebelumnya dilakukan/ditonton/didengar sesaat sebelum tidur bisa membuat seseorang terbawa mimpi dengan hal serupa @grok ?","1909513518262763593","","tanyarlfes","in","GMT +7 Largest Archipelago","0","1","0","https://x.com/hafurinka/status/1909513518262763593","23160075","hafurinka"
"1909220939532808646","Tue Apr 08 16:40:37 +0000 2025","3","@tanyarlfes Kok mencekam ya?","1909647582441410798","","tanyarlfes","in","","0","0","0","https://x.com/PAmroen40706/status/1909647582441410798","1872115091879129089","PAmroen40706"
"1909220939532808646","Tue Apr 08 19:07:34 +0000 2025","0","@tanyarlfes Aku cuma nonton 7 menit krn ditanya A jawabnya Z maka berpalinglah aku ke ARISAN sama¬≤ gak nyambung tp yg 1 lbh menghibur yg 1nya malah bikin geleng¬≤ ","1909684560688038327","","tanyarlfes","in","üáÆüá©","0","0","0","https://x.com/xasserca/status/1909684560688038327","98939225","xasserca"
"1909220939532808646","Wed Apr 09 01:06:52 +0000 2025","0","@tanyarlfes sumpah ini presiden @prabowo kagak jelas banget. dia yang nantangin media buat menjawab pertanyaan malah jawabannya kagak nyambung banget. udah gitu ngotot pula. kan sableng njirrr.... capek bener nontonnya","1909774983615987849","","tanyarlfes","in","","0","0","0","https://x.com/kaspur_rahman/status/1909774983615987849","1645877986401587205","kaspur_rahman"
"1909220939532808646","Wed Apr 09 00:32:08 +0000 2025","1","@tanyarlfes Prabowo menjawab Prabowo membantah","1909766240723517685","","tanyarlfes","in","","0","0","0","https://x.com/NissinWaferrr_/status/1909766240723517685","1348854306322018305","NissinWaferrr_"
"1909220939532808646","Tue Apr 08 19:58:41 +0000 2025","1","@tanyarlfes Gua nntn di tipi waktu itu gaa gua lanjutin udh mana pusing jd makin pusing denger omongan dia","1909697424928702910","","tanyarlfes","in","Dreamies and levi‚Äôs heart","0","0","0","https://x.com/kazehayaRin1308/status/1909697424928702910","1061664615770185730","kazehayaRin1308"
"1909220939532808646","Tue Apr 08 22:15:32 +0000 2025","2","@tanyarlfes Ternyata gak jauh Ama wakilnye..... Ama Ama oon Jaka sembung lah......","1909731863742366186","","tanyarlfes","in","","0","0","0","https://x.com/cyunian/status/1909731863742366186","3310674908","cyunian"
"1909220939532808646","Tue Apr 08 23:56:40 +0000 2025","0","@tanyarlfes Reporter juga ttg pencitraan ketika narsum ngak nyambung mereka kudu tetap serius memperhatikan padahal dalam hati mauuuu https://t.co/PYsLVrdgZK","1909757316754469229","https://pbs.twimg.com/tweet_video_thumb/GoDSJxkaYAAypkz.jpg","tanyarlfes","in","","0","0","0","https://x.com/Helium1202/status/1909757316754469229","1757789390599024640","Helium1202"
"1909220939532808646","Wed Apr 09 04:50:33 +0000 2025","1","@tanyarlfes Setelah nonton ini aku jadi khawatir tentang hari esok","1909831273587396923","","tanyarlfes","in","","0","0","0","https://x.com/ojan_nir/status/1909831273587396923","1877526813083328512","ojan_nir"
"1909220939532808646","Mon Apr 07 17:15:52 +0000 2025","2","@tanyarlfes @grok bagaimana pendapat anda tentang wawancara ini?","1909294063263924663","","tanyarlfes","in","","0","2","0","https://x.com/fukronalfajar/status/1909294063263924663","1434545760104697859","fukronalfajar"
"1909220939532808646","Mon Apr 07 18:09:43 +0000 2025","0","@tanyarlfes @grok kasih nilai berapa dari berapa dong soal jawaban pak Prabowo ke pertanyaan para pemred ini","1909307613789274563","","tanyarlfes","in","Surabaya - Sidoarjo","0","1","0","https://x.com/billtupuy/status/1909307613789274563","320828416","billtupuy"
"1909220939532808646","Tue Apr 08 19:29:10 +0000 2025","0","@tanyarlfes nonton sebagian yg bahas ihsg anjlok busett kagak ngerti bet beliau ngmng apa cuy nambah nambahin beban pikiran aing wae","1909689996212379923","","tanyarlfes","in","","0","0","0","https://x.com/freiergeistof/status/1909689996212379923","1737848565651910656","freiergeistof"
"1909220939532808646","Tue Apr 08 04:08:05 +0000 2025","2","@tanyarlfes @grok jelaskan secara bahasa bayi apa inti dari video itu?","1909458197729230968","","tanyarlfes","in","","0","1","0","https://x.com/nju_njuu/status/1909458197729230968","1800517358701912064","nju_njuu"
"1909220939532808646","Mon Apr 07 17:04:40 +0000 2025","2","@tanyarlfes Maksud nya itu apa @grok","1909291245379404193","","tanyarlfes","in","","0","1","0","https://x.com/leviinxxx/status/1909291245379404193","1123542777524961280","leviinxxx"
"1909220939532808646","Tue Apr 08 01:15:58 +0000 2025","1","@tanyarlfes @grok kamu paham jawaban prabowo?","1909414884632416348","","tanyarlfes","in","rant üíó üóØÔ∏è ü©∞‚ãÖÀö‚Çä‚Äß ‡≠®‡≠ß ‚Äß‚ÇäÀö ‚ãÖ‡πã","0","1","0","https://x.com/roswnl/status/1909414884632416348","1423951784632930308","roswnl"
"1909220939532808646","Tue Apr 08 16:16:03 +0000 2025","1","@tanyarlfes @grok siapa goat di sepak bola?","1909641400184193221","","tanyarlfes","in","Stamford Bridge, England","0","2","0","https://x.com/Anjarrr23_/status/1909641400184193221","1542492172229914624","Anjarrr23_"
"1909220939532808646","Mon Apr 07 17:02:29 +0000 2025","1","@tanyarlfes @grok siapa aja media yg ada di interview najwa terbaru?","1909290697192284630","","tanyarlfes","in","Jember, Jawa Timur","0","1","0","https://x.com/idcbtwx/status/1909290697192284630","1018826790783991808","idcbtwx"
"1909220939532808646","Tue Apr 08 03:18:37 +0000 2025","2","@tanyarlfes @grok kenapa Tempo gak diundang ? Bocorin dong ","1909445752793035174","","tanyarlfes","in","","0","1","0","https://x.com/DeemasPermana/status/1909445752793035174","1617501769692741634","DeemasPermana"
"1909220939532808646","Mon Apr 07 14:44:58 +0000 2025","17","@tanyarlfes yg dulu bilang dia gemoy tuh liatnya dr mana sih?????? gua liat2 gaada sisi gemoynya","1909256089616707650","","tanyarlfes","in","","0","4","0","https://x.com/mdyptrr/status/1909256089616707650","1711761849417617408","mdyptrr"
"1909220939532808646","Mon Apr 07 17:12:40 +0000 2025","1","@tanyarlfes @grok kasih tahu inti isi nya apa?","1909293259832369587","","tanyarlfes","in","","0","1","0","https://x.com/__tien/status/1909293259832369587","1432659661","__tien"
"1909220939532808646","Tue Apr 08 03:21:19 +0000 2025","0","@tanyarlfes Baru liat thumbnailnya di yt 3 jam yah blm nonton sih","1909446431460753876","","tanyarlfes","in","DKI Jakarta, Indonesia","0","0","0","https://x.com/rianputrarama/status/1909446431460753876","706068468","rianputrarama"
"1909220939532808646","Mon Apr 07 17:45:22 +0000 2025","1","@tanyarlfes Udah males dengerin ni orang kok bisa jadi pres.... *Kena jammer*","1909301488217997672","","tanyarlfes","in","Indonesia","0","0","0","https://x.com/milzamrcom/status/1909301488217997672","77154922","milzamrcom"
"1909220939532808646","Mon Apr 07 21:17:32 +0000 2025","1","@tanyarlfes @grok apa arti simbol hati warna hijau?","1909354883343581398","","tanyarlfes","in","di sini senang di sana senang","0","1","0","https://x.com/kukuhQ/status/1909354883343581398","74010058","kukuhQ"
"1909220939532808646","Tue Apr 08 03:21:06 +0000 2025","0","@tanyarlfes @grok berikan kesimpulan wawancara prabowo dengan 7 jurnalis","1909446375009636428","","tanyarlfes","in","","0","1","0","https://x.com/jiubbaka/status/1909446375009636428","173368477","jiubbaka"
"1909220939532808646","Tue Apr 08 16:58:48 +0000 2025","0","@tanyarlfes Sebenernya ada ga sih yang cocok jadi presiden? Yang bener2 bikin rakyat senengÔ∏è","1909652158481678523","","tanyarlfes","in","Yogyakarta","0","0","0","https://x.com/xxxibjub31_/status/1909652158481678523","1270245342357925889","xxxibjub31_"
"1909220939532808646","Tue Apr 08 23:22:11 +0000 2025","0","@tanyarlfes gue gak berani nontonnya takut gerd kambuh kek pas tolak ruu TNI kemaren ","1909748639045763552","","tanyarlfes","in","","0","0","0","https://x.com/gazeofhazel/status/1909748639045763552","1165598287262408704","gazeofhazel"
"1909220939532808646","Mon Apr 07 23:05:44 +0000 2025","0","@tanyarlfes @Grok coba rangkum wawancaranya","1909382111771214312","","tanyarlfes","in","","0","1","0","https://x.com/jumbellingham/status/1909382111771214312","1757396773499535360","jumbellingham"
"1909220939532808646","Wed Apr 09 05:30:34 +0000 2025","0","@tanyarlfes 3 jam mending nonton jumbo dua kali","1909841345314947477","","tanyarlfes","in","","0","0","0","https://x.com/pantatkoala/status/1909841345314947477","1364487889376043011","pantatkoala"
"1909220939532808646","Tue Apr 08 02:43:17 +0000 2025","0","@tanyarlfes @grok jelasin prabowo ngmong apa gue gak ngerti","1909436861099192401","","tanyarlfes","in","chongqing","0","1","0","https://x.com/YellowMe_0/status/1909436861099192401","1789090860061294593","YellowMe_0"
"1909220939532808646","Tue Apr 08 08:15:15 +0000 2025","0","@tanyarlfes @grok tolong buatkan ringkasan hasil interview Presiden Prabowo ini menggunakan bahasa jawa krama inggil. ","1909520400545182153","","tanyarlfes","in","Kediri, Indonesia","0","1","0","https://x.com/AnindikaRifky/status/1909520400545182153","100168661","AnindikaRifky"
"1909220939532808646","Wed Apr 09 10:11:14 +0000 2025","0","@tanyarlfes kalo ada orang yang setelah liat ini ga melekk keterlaluan sii wkwk","1909911978887541027","","tanyarlfes","in","","0","0","0","https://x.com/_purplelop/status/1909911978887541027","1111272872725536769","_purplelop"
"1909220939532808646","Wed Apr 09 10:05:28 +0000 2025","0","@tanyarlfes @grok coba jelaskan rangkuman isi interview dengan menggunakan bahasa inggris logat jamaica","1909910527310262495","","tanyarlfes","in","wonosobo","0","1","0","https://x.com/itsUKIapparenly/status/1909910527310262495","551663430","itsUKIapparenly"
"1909220939532808646","Wed Apr 09 02:43:57 +0000 2025","0","@tanyarlfes sy nontonnya bingung. tp gapapa semua org di dunia ini bingung pak nanti di surga ga bingung","1909799415793226006","","tanyarlfes","in"," ùöø's","0","0","0","https://x.com/nauyasmin/status/1909799415793226006","1805757002528026624","nauyasmin"
"1909220939532808646","Mon Apr 07 16:38:48 +0000 2025","0","@tanyarlfes @grok simpulkan hasil interview diatas","1909284737908457651","","tanyarlfes","in","Magetan, Indonesia","0","1","0","https://x.com/glngwtweet/status/1909284737908457651","852886387","glngwtweet"
"1909220939532808646","Wed Apr 09 10:51:40 +0000 2025","0","@tanyarlfes @Kontmol","1909922151051993318","","tanyarlfes","qam","","0","1","0","https://x.com/ISTJi/status/1909922151051993318","1520426746687877126","ISTJi"
"1909220939532808646","Wed Apr 09 21:27:33 +0000 2025","0","@tanyarlfes lebih berbobot diskusi bersama mangacid dan minjiz yo rak @markedho @alwafymamuli","1910082179050438908","","tanyarlfes","in","Jakarta Selatan, DKI Jakarta","0","2","0","https://x.com/jevonisme/status/1910082179050438908","1142274770693529600","jevonisme"
"1909220939532808646","Tue Apr 08 04:19:36 +0000 2025","0","@tanyarlfes interview najwa paling menyala.","1909461098761535679","","tanyarlfes","in","","0","0","0","https://x.com/varjiety/status/1909461098761535679","984567338","varjiety"
"1909220939532808646","Tue Apr 08 04:25:28 +0000 2025","0","@tanyarlfes Indonesia hebat 2025","1909462573130694710","","tanyarlfes","in","NFT ‚Üí","0","0","0","https://x.com/hadilocoboy/status/1909462573130694710","472844148","hadilocoboy"
"1909220939532808646","Mon Apr 07 12:32:31 +0000 2025","0","@tanyarlfes Lg ngikutin di tvri ","1909222755180154984","","tanyarlfes","in","ÏµúÏäπÏ≤†","0","0","0","https://x.com/stdytur/status/1909222755180154984","1494690163","stdytur"
"1909220939532808646","Wed Apr 09 06:53:15 +0000 2025","0","@tanyarlfes Ah habis ini nonton karena jujur jadi penasaran","1909862151302562194","","tanyarlfes","in","","0","0","0","https://x.com/strssovrld/status/1909862151302562194","1125648687491735554","strssovrld"
"1909220939532808646","Tue Apr 08 20:43:04 +0000 2025","0","@tanyarlfes Jadi penasaran pengen nonton juga","1909708595874480566","","tanyarlfes","in","","0","0","0","https://x.com/kayyisaaqillahh/status/1909708595874480566","630011738","kayyisaaqillahh"
"1909220939532808646","Tue Apr 08 12:25:13 +0000 2025","0","@tanyarlfes harus banyak bersabar ","1909583305403687034","","tanyarlfes","in","","0","0","0","https://x.com/teman_ceritaaa/status/1909583305403687034","1309022406904774657","teman_ceritaaa"
"1909220939532808646","Tue Apr 08 03:38:33 +0000 2025","0","@tanyarlfes Nanti cobak nnton deh ya.","1909450767326757346","","tanyarlfes","in","Lombok, Indonesia ","0","0","0","https://x.com/erikalaelca/status/1909450767326757346","1103464491994378240","erikalaelca"
"1909220939532808646","Mon Apr 07 16:59:43 +0000 2025","0","@tanyarlfes heleh yg komentar disini kemarin banyak yg milih beliau aja kok sekarang aja bilangnya gitu..kemarin kemana waktu pilpres ","1909290000472273191","","tanyarlfes","in","SMG - YGY - NGW","0","1","0","https://x.com/ryanwidhi/status/1909290000472273191","78821232","ryanwidhi"
"1909220939532808646","Tue Apr 08 08:24:41 +0000 2025","0","@tanyarlfes @grok berikan ringkasan di bagi berdasarkan pro dan kontra","1909522773376221357","","tanyarlfes","in","undefined","0","1","0","https://x.com/muhangga1998/status/1909522773376221357","1146622126822047746","muhangga1998"
"1909220939532808646","Wed Apr 09 11:05:38 +0000 2025","0","@tanyarlfes Salut sih sm kesabaran jurnalis klo gw mending cabut makan mi ayam di banding ngomong sm dia","1909925667828883934","","tanyarlfes","in","","0","0","0","https://x.com/salonpasmasss/status/1909925667828883934","1560151333403230208","salonpasmasss"
"1909220939532808646","Tue Apr 08 23:53:48 +0000 2025","0","@tanyarlfes Persis seperti bit stand up nya Indra Frimawan : DITANYA APA JAWABNYA APA.. ","1909756594042351701","","tanyarlfes","in","","0","0","0","https://x.com/MUHAMADAMRIN13/status/1909756594042351701","1415127548992770049","MUHAMADAMRIN13"
"1909220939532808646","Wed Apr 09 11:00:07 +0000 2025","0","@tanyarlfes Isinya pembantahan ga ada jawaban yang bener","1909924280592457931","","tanyarlfes","in","Kota Cirebon, Jawa Barat","0","0","0","https://x.com/ferdyanlaura16/status/1909924280592457931","1131559211886817280","ferdyanlaura16"
"1909220939532808646","Wed Apr 09 03:16:07 +0000 2025","0","@tanyarlfes apapun pertanyaannya jawabannya ttp MBG. BANGGAIN NOH MBG LU","1909807510233727103","","tanyarlfes","in","saturnus","0","0","0","https://x.com/miixourse/status/1909807510233727103","1053632618648895488","miixourse"
"1909220939532808646","Tue Apr 08 11:34:36 +0000 2025","0","@tanyarlfes @grok inti dari pembahasan ini","1909570568468439493","","tanyarlfes","in","","0","1","0","https://x.com/hamndan03/status/1909570568468439493","1797101912908763138","hamndan03"
"1909220939532808646","Tue Apr 08 14:48:49 +0000 2025","0","@tanyarlfes Udah nggak usah malu malu Najwa Wamen??","1909619446131446088","","tanyarlfes","in","Sumatera Utara, Indonesia","0","0","0","https://x.com/ipen_ferdinan/status/1909619446131446088","1875062607012634624","ipen_ferdinan"
"1909220939532808646","Wed Apr 09 00:35:30 +0000 2025","0","@tanyarlfes kosong. ga siap jawab. gausah buang waktu yg belum nonton. siap salah ","1909767090565005799","","tanyarlfes","in","East Nusa Tenggara, Indonesia","0","0","0","https://x.com/frezkafk/status/1909767090565005799","83270989","frezkafk"
"1909220939532808646","Tue Apr 08 06:40:03 +0000 2025","0","@tanyarlfes @grok buatkan summary singkat mengenai interview jurnalis dengan presiden","1909496442965966860","","tanyarlfes","in","","0","1","0","https://x.com/setanping/status/1909496442965966860","243947066","setanping"
"1909220939532808646","Mon Apr 07 22:15:36 +0000 2025","0","@tanyarlfes @grok apa poin isi wawancara Prabowo kali ini?","1909369495501914469","","tanyarlfes","in","di luar jangkauan ","0","1","0","https://x.com/kiiranawiningrm/status/1909369495501914469","1244790278449324032","kiiranawiningrm"
"1909220939532808646","Wed Apr 09 00:36:16 +0000 2025","0","@tanyarlfes g bisa nder keburu stress nonton","1909767282005516370","","tanyarlfes","in","","0","0","0","https://x.com/muyahouew/status/1909767282005516370","1426225710696263683","muyahouew"
"1909220939532808646","Mon Apr 07 17:16:48 +0000 2025","0","@tanyarlfes @grok tolong rangkum hasil interview apa saja terimakasih","1909294296970453146","","tanyarlfes","in","Bumi Merah Putih","0","1","0","https://x.com/D_Aston_/status/1909294296970453146","1180064811150766081","D_Aston_"
"1909220939532808646","Tue Apr 08 16:34:31 +0000 2025","0","@tanyarlfes @grok bisa buat bikin skripsi ga ?","1909646046390895058","","tanyarlfes","in","","0","1","0","https://x.com/serbaindomie/status/1909646046390895058","1563932170535972865","serbaindomie"
"1909220939532808646","Mon Apr 07 21:47:04 +0000 2025","0","@tanyarlfes @grok apakah inti dari semua itu?","1909362314136195251","","tanyarlfes","in","","0","1","0","https://x.com/smhsegi/status/1909362314136195251","1798309942602186752","smhsegi"
"1909220939532808646","Wed Apr 09 03:18:39 +0000 2025","1","@tanyarlfes Ngabisin kuota doang","1909808146698453244","","tanyarlfes","in","DKI Jakarta, Indonesia","0","0","0","https://x.com/Kahfi_Ananda00/status/1909808146698453244","1208455783748235264","Kahfi_Ananda00"
"1909220939532808646","Tue Apr 08 14:44:26 +0000 2025","0","@tanyarlfes @grok tolong jelaskaan isi dari video yang dimaksud","1909618342274748532","","tanyarlfes","in","","0","1","0","https://x.com/mufa54_/status/1909618342274748532","1519022038274301952","mufa54_"
"1909220939532808646","Wed Apr 09 07:23:36 +0000 2025","0","@tanyarlfes @grok menurutlu berapa iq prabowo grok roasting coba","1909869789595766887","","tanyarlfes","in","","0","1","0","https://x.com/hobitypoya/status/1909869789595766887","1307364511318335488","hobitypoya"
"1909220939532808646","Tue Apr 08 00:29:43 +0000 2025","0","@tanyarlfes @grok apa yang dibahas najwa dalam pertemuan dengan prabowo","1909403246831313403","","tanyarlfes","in","Kalibaru Banyuwangi","0","1","0","https://x.com/ARFBDYN/status/1909403246831313403","907301466","ARFBDYN"
"1909220939532808646","Tue Apr 08 10:01:23 +0000 2025","0","@tanyarlfes @grok banyak pro apa kontra?","1909547110879707242","","tanyarlfes","in","Bandung, Indonesia","0","1","0","https://x.com/_jigujelly_/status/1909547110879707242","1282239580662411264","_jigujelly_"
"1909220939532808646","Tue Apr 08 16:24:05 +0000 2025","0","@tanyarlfes terpantau https://t.co/RYxQBd5pei","1909643419464745092","https://pbs.twimg.com/media/GoBqkKRbwAI5aWs.jpg","tanyarlfes","in","","0","0","0","https://x.com/ngeluhituasik/status/1909643419464745092","39454803","ngeluhituasik"
"1909220939532808646","Wed Apr 09 07:07:41 +0000 2025","0","@tanyarlfes ini orang kalo ngasih pernyataan dan jawab pertanyaan suka bikin pemborosan kalimat. satu kata udh disebut dia sebut lagi dengan istilah lain atau pakai bahasa inggris. wkwk sebel. lambat.","1909865785407029699","","tanyarlfes","in","","0","0","0","https://x.com/sissyyousee/status/1909865785407029699","1118532540795510786","sissyyousee"
"1909220939532808646","Tue Apr 08 17:47:42 +0000 2025","0","@tanyarlfes Pabowo : saya saya saya saya saya saya saya saya saya saya saya saya saya saya saya saya saya saya saya saya saya saya saya saya saya saya saya saya saya saya saya saya saya saya saya saya saya saya saya saya saya saya saya saya saya saya saya saya saya saya saya saya saya saya","1909664464548610216","","tanyarlfes","in","Flores - Indonesia","0","0","0","https://x.com/rlx_wife/status/1909664464548610216","1919469914","rlx_wife"
"1909220939532808646","Tue Apr 08 17:14:06 +0000 2025","0","@tanyarlfes Mostly jawaban Prabowo normatif &amp; bahkan ada bbrp yang saya sama sekali tidak paham ape diemengin alias ngacoooo üá≤üá®","1909656006759719059","","tanyarlfes","in","","0","0","0","https://x.com/AaSutanto/status/1909656006759719059","1327828080497291264","AaSutanto"
"1909220939532808646","Wed Apr 09 01:25:07 +0000 2025","0","@tanyarlfes Yang saya lihat pak Prabowo tidak menjawab secara nyata pertanyaan para wartawan apalagi najwa","1909779575355457827","","tanyarlfes","in","","0","0","0","https://x.com/azkaald88811919/status/1909779575355457827","1534757318004355072","azkaald88811919"
"1909220939532808646","Wed Apr 09 11:16:35 +0000 2025","0","@tanyarlfes tag gue kalo ada content creator yg udah buat summary dari pertemuan tsb der. meskipun udah ketebak alurnya tp pls lemasaran juga.","1909928421595181355","","tanyarlfes","in","Bikini Bottom","0","0","0","https://x.com/gedhanggoyengg/status/1909928421595181355","1404119886914146307","gedhanggoyengg"
"1909220939532808646","Wed Apr 09 00:32:28 +0000 2025","0","@tanyarlfes Real fact : di ramal Gusdur akan jadi presiden &amp; ternyata bener.. yach jgn¬≤ memang nasib indo","1909766324018135114","","tanyarlfes","in","","0","0","0","https://x.com/tengiri21/status/1909766324018135114","1550606144959307776","tengiri21"
"1909220939532808646","Tue Apr 08 16:46:15 +0000 2025","0","@tanyarlfes KWKWKWK kemaren pada bingung ngapa mba nana diem bae pas ruu tni skrng langsung muncul tuh video 3 jam","1909649000594391353","","tanyarlfes","in","Balikpapan, Kalimantan Timur","0","0","0","https://x.com/bloompeonyyy/status/1909649000594391353","1594233710760845313","bloompeonyyy"
"1909220939532808646","Tue Apr 08 16:01:43 +0000 2025","0","@tanyarlfes Beliau tidak tahu apa yang sedang terjadi serem amat","1909637793061757016","","tanyarlfes","in","Bandung, Indonesia","0","0","0","https://x.com/cev_d/status/1909637793061757016","97690591","cev_d"
"1909220939532808646","Wed Apr 09 01:54:15 +0000 2025","0","@tanyarlfes Bapak gue nonton ini tengah malem full ga ada jeda bahkan sampe ngopi pun engga","1909786909230219761","","tanyarlfes","in","","0","0","0","https://x.com/susahnyambung/status/1909786909230219761","1575731337935589377","susahnyambung"
"1909220939532808646","Tue Apr 08 15:30:36 +0000 2025","0","@tanyarlfes yaa Allah ini serius presiden kita begini???? :(","1909629961029534205","","tanyarlfes","in","Surakarta, Jawa Tengah","0","0","0","https://x.com/tempatt_curhat/status/1909629961029534205","1487452214029287424","tempatt_curhat"
"1909220939532808646","Wed Apr 09 10:48:52 +0000 2025","0","@tanyarlfes saran dari gua nntn ini pake speed 1.5","1909921446836772972","","tanyarlfes","in","","0","0","0","https://x.com/sunpudi/status/1909921446836772972","1416785742974443523","sunpudi"
"1909220939532808646","Tue Apr 08 15:32:18 +0000 2025","0","@tanyarlfes Wkwkwk abis dr interview inj pak Wowo melek ga ya baca tanggapan2 masyarakat ","1909630389620191235","","tanyarlfes","in","Vancouver ","0","0","0","https://x.com/onmarksky/status/1909630389620191235","1382587383741251584","onmarksky"
"1909220939532808646","Tue Apr 08 17:23:50 +0000 2025","0","@tanyarlfes Baru denger jawaban dari pertanyaan pertama aja udah gedeg banget anjeng","1909658456912744933","","tanyarlfes","in","Blanket","0","0","0","https://x.com/fansnyaceuntat/status/1909658456912744933","2397976688","fansnyaceuntat"
"1909220939532808646","Wed Apr 09 11:36:32 +0000 2025","0","@tanyarlfes bikin emosi","1909933445234536806","","tanyarlfes","in","","0","0","0","https://x.com/Tiriseu/status/1909933445234536806","1839223071233945600","Tiriseu"
"1909220939532808646","Tue Apr 08 23:24:49 +0000 2025","0","@tanyarlfes Dari awal nih orang nyapres kayanya jawaban ga perna ada yg bener deh hahaha omon omon ","1909749301905076390","","tanyarlfes","in","","0","0","0","https://x.com/rubychupie/status/1909749301905076390","1850459883860316160","rubychupie"
"1909220939532808646","Wed Apr 09 01:23:23 +0000 2025","0","@tanyarlfes Serius harus digulingkan ga sih dia ini","1909779139634380893","","tanyarlfes","in","","0","0","0","https://x.com/MagicSecond_/status/1909779139634380893","935456522561138688","MagicSecond_"
"1909220939532808646","Wed Apr 09 06:07:32 +0000 2025","0","@tanyarlfes Definisi blunder selama 3.5 jam","1909850646775578854","","tanyarlfes","in","","0","0","0","https://x.com/iknowuu_duh/status/1909850646775578854","1688516580135870469","iknowuu_duh"
"1909220939532808646","Wed Apr 09 14:02:12 +0000 2025","0","@tanyarlfes aduh blm ada waktu aaack greget","1909970101811704192","","tanyarlfes","in","slightly cyber","0","0","0","https://x.com/vogueflick/status/1909970101811704192","1784469512534073344","vogueflick"
"1909220939532808646","Tue Apr 08 22:20:19 +0000 2025","0","@tanyarlfes Baru lihat mukanya aja udah tahu jawabannya gimana.. malas gw","1909733068979712457","","tanyarlfes","in","disanaee ","0","0","0","https://x.com/ItuNakke/status/1909733068979712457","980549336","ItuNakke"
"1909220939532808646","Tue Apr 08 23:31:37 +0000 2025","0","@tanyarlfes Pingin banget komentar buruk","1909751011910238662","","tanyarlfes","in","Tegal - Makassar","0","0","0","https://x.com/sellairputih/status/1909751011910238662","523193377","sellairputih"
"1909220939532808646","Tue Apr 08 15:00:27 +0000 2025","0","@tanyarlfes kok aku gelisah ya nontonya","1909622373654880640","","tanyarlfes","in","„Åï„Åø„Åó„ÅÑ ","0","0","0","https://x.com/eumnei/status/1909622373654880640","1290118374962290688","eumnei"
"1909220939532808646","Wed Apr 09 03:56:43 +0000 2025","0","@tanyarlfes GAK MENJAWAB APA APA ANJENGGG YAPPING DOANG","1909817728191676878","","tanyarlfes","in","","0","0","0","https://x.com/unhappyurl/status/1909817728191676878","1401515128592363520","unhappyurl"
"1909220939532808646","Tue Apr 08 17:20:10 +0000 2025","0","@tanyarlfes Gak hipertensi gue","1909657533507322271","","tanyarlfes","in","","0","0","0","https://x.com/lien_lilie93069/status/1909657533507322271","1718117096004177920","lien_lilie93069"
"1909220939532808646","Wed Apr 09 07:36:50 +0000 2025","0","@tanyarlfes Masih mengumpulkan niatt","1909873119512404304","","tanyarlfes","in","Lumajang,Jawa Timur,Indonesia","0","0","0","https://x.com/yusmiwahdaniyah/status/1909873119512404304","605946898","yusmiwahdaniyah"
"1909220939532808646","Wed Apr 09 11:23:09 +0000 2025","0","@tanyarlfes Isi nya tulang semua ini","1909930074645934386","","tanyarlfes","in","Radiator Springs","0","0","0","https://x.com/iqbalrizqi10/status/1909930074645934386","367750906","iqbalrizqi10"
"1909220939532808646","Tue Apr 08 16:37:49 +0000 2025","0","@tanyarlfes ni orang kpn matinya sih?!","1909646877332849117","","tanyarlfes","in","","0","0","0","https://x.com/dumbaccbitj/status/1909646877332849117","1537144887413309440","dumbaccbitj"
"1909220939532808646","Tue Apr 08 15:42:21 +0000 2025","0","@tanyarlfes Gak berani one on one bapaknya Beraninya keroyokan ","1909632916944306580","","tanyarlfes","in","Denpasar Selatan, Indonesia","0","0","0","https://x.com/rocketwarzone/status/1909632916944306580","93797927","rocketwarzone"
"1909220939532808646","Wed Apr 09 00:49:49 +0000 2025","0","@tanyarlfes penyesalan manusia abad ini milih prabrobro","1909770693103042865","","tanyarlfes","in","","0","0","0","https://x.com/wwwhazcom/status/1909770693103042865","1669392708451061764","wwwhazcom"
"1909220939532808646","Wed Apr 09 00:39:53 +0000 2025","0","@tanyarlfes emosi sendiri nontonnya","1909768194241507553","","tanyarlfes","in","Jakarta","0","0","0","https://x.com/am3ngl/status/1909768194241507553","1567106646144593925","am3ngl"
"1909220939532808646","Wed Apr 09 02:13:18 +0000 2025","0","@tanyarlfes Ini kmrn ada yg nanyain perihal teror babi ga? Males nonton takut emosi ","1909791703374135491","","tanyarlfes","in","","0","0","0","https://x.com/dazzling_rinnii/status/1909791703374135491","71523913","dazzling_rinnii"
"1909220939532808646","Wed Apr 09 01:17:49 +0000 2025","0","@tanyarlfes Wakilnya kaga ditanya kapan bagi bagi...biasa buat orang s usah ngga boleh kaya","1909777740213240066","","tanyarlfes","in","","0","0","0","https://x.com/HendraP81992571/status/1909777740213240066","1594954689736425473","HendraP81992571"
"1909220939532808646","Wed Apr 09 12:24:37 +0000 2025","0","@tanyarlfes Padahal gua ga bodoh-bodoh amat tapi omongan beliau ini kenapa susah bgt dimengerti ","1909945544342122641","","tanyarlfes","in","Indonesia","0","0","0","https://x.com/hisunsunny/status/1909945544342122641","1270884887717752832","hisunsunny"
"1909220939532808646","Tue Apr 08 16:43:57 +0000 2025","0","@tanyarlfes Bknnya memperbaiki kedepannya gimana malah membandingkan dengan negara yang di bwh indo ","1909648418844405925","","tanyarlfes","in","Bumi ÿßŸéŸÑŸÑŸëŸáŸè ","0","0","0","https://x.com/Hillary_Putrii/status/1909648418844405925","279380834","Hillary_Putrii"
"1909220939532808646","Wed Apr 09 01:25:53 +0000 2025","0","@tanyarlfes Yeaahh semakin jelas kosong dan betapa ga cocoknya dia jadi RI 1.","1909779767362265449","","tanyarlfes","in","Nowhere","0","0","0","https://x.com/_wxdyx/status/1909779767362265449","862630393379409920","_wxdyx"
"1909220939532808646","Tue Apr 08 16:05:47 +0000 2025","0","@tanyarlfes Tiap mbah ngomong bawaannya kesel anjg kek ga to the point aja ditanya A jawabnya Z","1909638813129097576","","tanyarlfes","in","outer space","0","0","0","https://x.com/__hyuuart/status/1909638813129097576","1598655685398405120","__hyuuart"
"1909220939532808646","Tue Apr 08 16:25:35 +0000 2025","0","@tanyarlfes Anjirlah itu orang disitu gk emosi apa nanya apa dijawab apa gw yg nonton aja dah gedek ","1909643798092935342","","tanyarlfes","in","Kota Bandung, Jawa Barat","0","0","0","https://x.com/Orang_numpangL/status/1909643798092935342","4912171760","Orang_numpangL"
"1909220939532808646","Thu Apr 10 04:59:35 +0000 2025","0","@tanyarlfes Napa bapres gk ajak sekalian wapresnya sekalian buat interview","1910195936309195135","","tanyarlfes","in","","0","0","0","https://x.com/MasBejo26804542/status/1910195936309195135","1486278325169700864","MasBejo26804542"
"1909220939532808646","Thu Apr 10 00:31:26 +0000 2025","0","@tanyarlfes Beberapa kali debat pilpres jawabannya asal¬≤an pas udah presiden ngarep bakal gmn ","1910128452277293255","","tanyarlfes","in","","0","0","0","https://x.com/Hedinkus/status/1910128452277293255","1877792299004076032","Hedinkus"
"1909220939532808646","Wed Apr 09 04:30:22 +0000 2025","0","@tanyarlfes Udah Dan jawaban pak Prabowo gak ada yang nyambung","1909826196273349048","","tanyarlfes","in","","0","0","0","https://x.com/safi__ra/status/1909826196273349048","1234721976276541441","safi__ra"
"1909220939532808646","Wed Apr 09 10:52:20 +0000 2025","0","@tanyarlfes POKOKNYA SEMUA SALAH ASING ","1909922321307161033","","tanyarlfes","in","","0","0","0","https://x.com/HftbTxZVloPvvHM/status/1909922321307161033","921279896755638272","HftbTxZVloPvvHM"
"1909220939532808646","Thu Apr 10 03:00:17 +0000 2025","0","@tanyarlfes Baru 1.5 jam ni","1910165912327778557","","tanyarlfes","in","Somewhere btwn CARAT n IKONIC","0","0","0","https://x.com/eudaimoonjia/status/1910165912327778557","399980922","eudaimoonjia"
"1909220939532808646","Wed Apr 09 01:11:47 +0000 2025","0","@tanyarlfes Kagok bgt tiap jawab","1909776218884608434","","tanyarlfes","in","","0","0","0","https://x.com/YaYaudahAja/status/1909776218884608434","1119202887786123264","YaYaudahAja"
"1909220939532808646","Wed Apr 09 22:42:14 +0000 2025","0","@tanyarlfes Kosong","1910100973466628593","","tanyarlfes","in","Indonesia","0","0","0","https://x.com/Sigxblogg/status/1910100973466628593","888239150956068864","Sigxblogg"
"1909220939532808646","Wed Apr 09 00:35:40 +0000 2025","0","@tanyarlfes benefitnya apa?","1909767132176601419","","tanyarlfes","in","","0","0","0","https://x.com/ibenkuy/status/1909767132176601419","1605415490074992641","ibenkuy"
"1909220939532808646","Tue Apr 08 15:22:03 +0000 2025","0","@tanyarlfes GOBLOK","1909627809770938626","","tanyarlfes","in","Bekasi Utara, Indonesia","0","0","0","https://x.com/namaslinyaoctha/status/1909627809770938626","1495786542497136649","namaslinyaoctha"
"1909220939532808646","Tue Apr 08 16:02:18 +0000 2025","0","@tanyarlfes jelek","1909637940218839498","","tanyarlfes","hu","","0","0","0","https://x.com/hasstudytwt/status/1909637940218839498","1811969869493207042","hasstudytwt"
"1909220939532808646","Tue Apr 08 16:07:30 +0000 2025","0","@tanyarlfes kasian dontol","1909639248749433282","","tanyarlfes","in","","0","0","0","https://x.com/foxxeew/status/1909639248749433282","2354024702","foxxeew"
"1909220939532808646","Thu Apr 10 01:26:56 +0000 2025","0","@tanyarlfes @grok bagaimana keadaan perekonomian indonesia tahun 2025","1910142420140098002","","tanyarlfes","in","","0","1","0","https://x.com/AmbrosiusDari/status/1910142420140098002","370505480","AmbrosiusDari"
"1909220939532808646","Mon Apr 07 17:00:17 +0000 2025","0","@tanyarlfes @grok gambar tersebut tentang apa?","1909290143854608650","","tanyarlfes","in","DKI Jakarta, Indonesia","0","1","0","https://x.com/mustalafin/status/1909290143854608650","817173516051058688","mustalafin"
